evtm,evla,evlo,evdp,mag,id_cmt,id_ctm,id_dmt,id_fmt_ctm,id_fmt_htm
2008-01-01T06:32:32.700000Z,40.34,72.9,19.5,5.58,C200801010632A,20080101T063232M558Z020,20080101_063232.a,20080101063232,20080101063228
2008-01-01T18:55:08.900000Z,-5.95,146.94,51.2,6.29,C200801011855A,20080101T185508M629Z051,20080101_185508.a,20080101185508,20080101185459
2008-01-01T19:13:11.500000Z,-6.03,146.96,42.7,5.76,C200801011913A,20080101T191311M576Z043,20080101_191311.a,20080101191311,20080101191305
2008-01-04T07:29:22.900000Z,-3.09,100.69,46.1,6.01,C200801040729A,20080104T072922M601Z046,20080104_072922.a,20080104072922,20080104072918
2008-01-05T01:56:44.400000Z,13.99,-92.04,45.9,5.62,C200801050156A,20080105T015644M562Z046,20080105_015644.a,20080105015644,20080105015645
2008-01-05T07:29:35.900000Z,-22.87,-68.88,117.3,5.7,B200801050729A,20080105T072935M570Z117,20080105_072935.a,20080105072935,20080105072933
2008-01-05T10:39:16.400000Z,50.94,-131.04,12.0,5.67,C200801051039A,20080105T103916M567Z012,20080105_103916.a,20080105103916,20080105103914
2008-01-05T11:01:11.400000Z,51.11,-131.24,12.0,6.59,C200801051101A,20080105T110111M659Z012,20080105_110111.a,20080105110111,20080105110105
2008-01-05T11:44:51.200000Z,50.85,-130.92,12.0,6.42,C200801051144A,20080105T114451M642Z012,20080105_114451.a,20080105114451,20080105114448
2008-01-05T19:55:36.800000Z,-62.36,-155.58,13.6,5.67,C200801051955A,20080105T195536M567Z014,20080105_195536.a,20080105195536,20080105195531
2008-01-06T05:14:23.700000Z,36.98,22.87,92.4,6.17,C200801060514A,20080106T051423M617Z092,20080106_051423.a,20080106051423,20080106051420
2008-01-07T03:12:29.700000Z,-0.79,134.03,12.0,5.87,C200801070312A,20080107T031229M587Z012,20080107_031229.a,20080107031229,20080107031226
2008-01-07T07:46:29.900000Z,12.47,125.54,20.0,5.55,C200801070746A,20080107T074629M555Z020,20080107_074629.a,20080107074629,20080107074629
2008-01-07T08:14:21.500000Z,51.03,-179.34,26.1,5.62,C200801070814A,20080107T081421M562Z026,20080107_081421.a,20080107081421,20080107081420
2008-01-08T19:23:38.500000Z,-3.67,131.65,14.2,5.79,C200801081923A,20080108T192338M579Z014,20080108_192338.a,20080108192338,20080108192331
2008-01-09T08:26:52.800000Z,32.3,85.32,13.3,6.4,C200801090826A,20080109T082652M640Z013,20080109_082652.a,20080109082652,20080109082645
2008-01-09T14:40:04.100000Z,51.52,-131.49,12.1,6.01,C200801091440A,20080109T144004M601Z012,20080109_144004.a,20080109144004,20080109144001
2008-01-10T01:37:23.600000Z,43.51,-128.27,16.8,6.32,C200801100137A,20080110T013723M632Z017,20080110_013723.a,20080110013723,20080110013718
2008-01-13T12:15:39.300000Z,17.26,120.8,20.3,5.74,C200801131215A,20080113T121539M574Z020,20080113_121539.a,20080113121539,20080113121535
2008-01-14T13:38:40.500000Z,10.36,92.7,43.9,5.83,C200801141338A,20080114T133840M583Z044,20080114_133840.a,20080114133840,20080114133837
2008-01-15T17:52:20.600000Z,-22.05,-179.34,603.3,6.51,C200801151752A,20080115T175220M651Z603,20080115_175220.a,20080115175220,20080115175215
2008-01-16T11:54:51.300000Z,32.35,85.29,12.0,5.89,C200801161154A,20080116T115451M589Z012,20080116_115451.a,20080116115451,20080116115444
2008-01-20T06:09:00.000000Z,-35.01,-112.18,14.0,5.59,C200801200609A,20080120T060900M559Z014,20080120_060900.a,20080120060900,20080120060856
2008-01-20T18:41:53.000000Z,-44.88,167.0,14.1,5.53,C200801201841A,20080120T184153M553Z014,20080120_184153.a,20080120184153,20080120184147
2008-01-20T20:26:10.900000Z,2.68,126.86,39.8,6.08,C200801202026A,20080120T202610M608Z040,20080120_202610.a,20080120202610,20080120202604
2008-01-21T12:24:30.900000Z,-35.01,-112.11,16.2,5.76,C200801211224A,20080121T122430M576Z016,20080121_122430.a,20080121122430,20080121122427
2008-01-22T07:55:53.900000Z,-15.25,-175.17,14.6,6.02,C200801220755A,20080122T075553M602Z015,20080122_075553.a,20080122075553,20080122075548
2008-01-22T10:49:26.800000Z,-15.23,-175.31,13.6,6.12,C200801221049A,20080122T104926M612Z014,20080122_104926.a,20080122104926,20080122104921
2008-01-22T17:15:01.800000Z,0.87,97.18,23.0,6.2,C200801221714A,20080122T171501M620Z023,20080122_171501.a,20080122171501,20080122171458
2008-01-23T05:49:36.900000Z,14.54,-93.99,12.0,5.5,C200801230549A,20080123T054936M550Z012,20080123_054936.a,20080123054936,20080123054932
2008-01-24T04:12:19.100000Z,6.93,-82.35,18.2,5.86,C200801240412A,20080124T041219M586Z018,20080124_041219.a,20080124041219,20080124041214
2008-01-24T22:29:59.500000Z,-6.23,146.84,47.8,5.86,C200801242229A,20080124T222959M586Z048,20080124_222959.a,20080124222959,20080124222953
2008-01-29T14:57:30.800000Z,-59.0,-24.65,36.7,5.63,C200801291457A,20080129T145730M563Z037,20080129_145730.a,20080129145730,20080129145726
2008-01-30T07:32:48.500000Z,-7.17,127.71,19.1,6.11,C200801300732A,20080130T073248M611Z019,20080130_073248.a,20080130073248,20080130073242
2008-01-31T01:04:33.000000Z,-6.07,129.74,19.6,5.82,C200801310104A,20080131T010433M582Z020,20080131_010433.a,20080131010433,20080131010428
2008-02-01T12:10:10.800000Z,-21.53,-179.27,629.5,6.0,C200802011210A,20080201T121010M600Z630,20080201_121010.a,20080201121010,20080201121006
2008-02-03T07:34:15.000000Z,-2.38,28.82,12.0,5.93,C200802030734A,20080203T073415M593Z012,20080203_073415.a,20080203073415,20080203073412
2008-02-03T14:24:41.400000Z,-56.38,-26.54,98.9,5.61,C200802031424A,20080203T142441M561Z099,20080203_142441.a,20080203142441,20080203142437
2008-02-04T07:43:58.900000Z,19.0,-66.87,16.0,5.52,C200802040743A,20080204T074358M552Z016,20080204_074358.a,20080204074358,20080204074356
2008-02-04T17:01:36.300000Z,-20.27,-70.76,46.1,6.33,C200802041701A,20080204T170136M633Z046,20080204_170136.a,20080204170136,20080204170131
2008-02-05T05:56:52.700000Z,-3.44,118.12,18.8,5.77,C200802050556A,20080205T055652M577Z019,20080205_055652.a,20080205055652,20080205055647
2008-02-07T07:50:57.700000Z,1.55,122.57,30.6,5.78,C200802070750A,20080207T075057M578Z031,20080207_075057.a,20080207075057,20080207075055
2008-02-07T09:25:34.300000Z,-22.65,-178.96,494.0,5.58,B200802070925A,20080207T092534M558Z494,20080207_092534.a,20080207092534,20080207092530
2008-02-07T20:58:19.800000Z,-7.58,117.04,320.7,5.67,C200802072058A,20080207T205819M567Z321,20080207_205819.a,20080207205819,20080207205818
2008-02-08T09:38:22.800000Z,10.85,-41.71,16.8,6.94,C200802080938A,20080208T093822M694Z017,20080208_093822.a,20080208093822,20080208093814
2008-02-09T18:34:04.300000Z,-0.33,125.37,32.4,5.96,C200802091833A,20080209T183404M596Z032,20080209_183404.a,20080209183404,20080209183401
2008-02-10T12:22:08.400000Z,-61.05,-25.01,12.0,6.54,C200802101222A,20080210T122208M654Z012,20080210_122208.a,20080210122208,20080210122202
2008-02-12T01:29:43.700000Z,-3.21,100.93,51.3,5.51,C200802120129A,20080212T012943M551Z051,20080212_012943.a,20080212012943,20080212012940
2008-02-12T12:50:20.700000Z,16.35,-94.51,87.1,6.46,C200802121250A,20080212T125020M646Z087,20080212_125020.a,20080212125020,20080212125018
2008-02-13T19:58:50.200000Z,-8.42,128.83,21.5,6.17,C200802131958A,20080213T195850M617Z022,20080213_195850.a,20080213195850,20080213195846
2008-02-14T10:09:29.000000Z,36.24,21.79,20.0,6.85,C200802141009A,20080214T100929M685Z020,20080214_100929.a,20080214100929,20080214100922
2008-02-14T12:09:02.700000Z,36.29,21.67,15.0,6.54,C200802141208A,20080214T120902M654Z015,20080214_120902.a,20080214120902,20080214120855
2008-02-15T22:01:00.100000Z,-61.4,154.14,17.5,5.74,C200802152200A,20080215T220100M574Z018,20080215_220100.a,20080215220100,20080215220055
2008-02-16T14:45:15.300000Z,-21.58,-68.77,135.3,6.07,C200802161445A,20080216T144515M607Z135,20080216_144515.a,20080216144515,20080216144511
2008-02-20T08:08:45.400000Z,2.69,95.98,14.9,7.3,C200802200808A,20080220T080845M730Z015,20080220_080845.a,20080220080845,20080220080830
2008-02-20T18:27:12.800000Z,36.24,21.73,17.6,6.16,C200802201827A,20080220T182712M616Z018,20080220_182712.a,20080220182712,20080220182706
2008-02-21T02:46:21.900000Z,77.02,19.28,12.8,6.07,C200802210246A,20080221T024621M607Z013,20080221_024621.a,20080221024621,20080221024617
2008-02-21T14:16:10.000000Z,41.16,-114.85,13.5,6.02,C200802211416A,20080221T141610M602Z014,20080221_141610.a,20080221141610,20080221141602
2008-02-21T21:41:44.200000Z,-1.9,138.96,15.5,5.59,C200802212141A,20080221T214144M559Z016,20080221_214144.a,20080221214144,20080221214137
2008-02-21T23:55:39.700000Z,-2.56,99.66,22.0,5.72,C200802212355A,20080221T235539M572Z022,20080221_235539.a,20080221235539,20080221235536
2008-02-23T07:17:13.000000Z,-2.72,99.72,16.0,5.58,C200802230717A,20080223T071713M558Z016,20080223_071713.a,20080223071713,20080223071711
2008-02-23T15:57:28.800000Z,-57.12,-23.13,12.0,6.75,C200802231557A,20080223T155728M675Z012,20080223_155728.a,20080223155728,20080223155719
2008-02-24T14:46:26.400000Z,-2.63,99.73,15.0,6.49,C200802241446A,20080224T144626M649Z015,20080224_144626.a,20080224144626,20080224144621
2008-02-25T08:36:42.400000Z,-2.66,99.95,14.4,7.19,C200802250836A,20080225T083642M719Z014,20080225_083642.a,20080225083642,20080225083633
2008-02-25T18:06:08.500000Z,-2.58,99.73,15.0,6.61,C200802251806A,20080225T180608M661Z015,20080225_180608.a,20080225180608,20080225180603
2008-02-25T21:02:23.000000Z,-2.46,99.7,17.0,6.71,C200802252102A,20080225T210223M671Z017,20080225_210223.a,20080225210223,20080225210218
2008-02-26T18:18:32.100000Z,-4.28,100.81,19.0,5.92,C200802261818A,20080226T181832M592Z019,20080226_181832.a,20080226181832,20080226181826
2008-02-27T06:54:23.800000Z,26.72,142.8,16.8,6.24,C200802270654A,20080227T065423M624Z017,20080227_065423.a,20080227065423,20080227065420
2008-02-28T09:12:59.800000Z,12.56,141.68,12.0,5.63,C200802280912A,20080228T091259M563Z012,20080228_091259.a,20080228091259,20080228091254
2008-02-29T02:38:34.100000Z,-35.09,-108.93,18.7,5.7,C200802290238A,20080229T023834M570Z019,20080229_023834.a,20080229023834,20080229023829
2008-03-01T19:52:05.500000Z,-20.51,-70.76,50.8,5.63,C200803011951A,20080301T195205M563Z051,20080301_195205.a,20080301195205,20080301195159
2008-03-01T23:06:47.300000Z,-35.19,-179.07,19.2,5.6,C200803012306A,20080301T230647M560Z019,20080301_230647.a,20080301230647,20080301230644
2008-03-02T05:11:45.900000Z,51.76,-179.27,12.0,5.8,C200803020511A,20080302T051145M580Z012,20080302_051145.a,20080302051145,20080302051144
2008-03-03T02:37:31.900000Z,-2.42,99.68,23.0,6.16,C200803030237A,20080303T023731M616Z023,20080303_023731.a,20080303023731,20080303023727
2008-03-03T09:31:10.600000Z,46.26,153.38,13.6,6.48,C200803030931A,20080303T093110M648Z014,20080303_093110.a,20080303093110,20080303093102
2008-03-03T13:49:45.000000Z,19.97,121.21,24.1,5.98,C200803031349A,20080303T134945M598Z024,20080303_134945.a,20080303134945,20080303134940
2008-03-03T14:11:21.600000Z,13.52,125.59,17.9,6.87,C200803031411A,20080303T141121M687Z018,20080303_141121.a,20080303141121,20080303141114
2008-03-04T19:24:32.400000Z,52.36,-173.75,13.5,5.5,C200803041924A,20080304T192432M550Z014,20080304_192432.a,20080304192432,20080304192427
2008-03-06T01:22:02.300000Z,2.64,128.28,131.4,5.85,C200803060121A,20080306T012202M585Z131,20080306_012202.a,20080306012202,20080306012159
2008-03-10T09:43:07.900000Z,-28.42,-69.74,129.2,5.55,C200803100943A,20080310T094307M555Z129,20080310_094307.a,20080310094307,20080310094301
2008-03-11T14:37:13.400000Z,51.96,-169.37,17.6,5.63,C200803111437A,20080311T143713M563Z018,20080311_143713.a,20080311143713,20080311143710
2008-03-12T11:23:40.900000Z,-16.59,167.22,12.0,6.43,C200803121123A,20080312T112340M643Z012,20080312_112340.a,20080312112340,20080312112334
2008-03-12T11:37:02.800000Z,-16.59,167.17,12.2,6.33,C200803121136A,20080312T113702M633Z012,20080312_113702.a,20080312113702,20080312113655
2008-03-13T13:28:50.200000Z,-45.32,35.08,22.0,6.01,C200803131328A,20080313T132850M601Z022,20080313_132850.a,20080313132850,20080313132844
2008-03-14T22:32:12.500000Z,26.88,143.0,13.1,5.98,C200803142232A,20080314T223212M598Z013,20080314_223212.a,20080314223212,20080314223209
2008-03-15T14:43:29.900000Z,2.47,94.51,12.0,6.03,C200803151443A,20080315T144329M603Z012,20080315_144329.a,20080315144329,20080315144325
2008-03-15T14:44:38.000000Z,42.35,-127.07,12.9,5.71,C200803151444A,20080315T144438M571Z013,20080315_144438.a,20080315144438,20080315144436
2008-03-17T19:06:21.000000Z,-54.62,-135.59,18.3,5.57,C200803171906A,20080317T190621M557Z018,20080317_190621.a,20080317190621,20080317190612
2008-03-18T08:22:53.400000Z,-29.09,-176.89,35.1,6.21,C200803180822A,20080318T082253M621Z035,20080318_082253.a,20080318082253,20080318082247
2008-03-20T14:10:46.300000Z,6.07,127.12,64.0,6.04,C200803201410A,20080320T141046M604Z064,20080320_141046.a,20080320141046,20080320141044
2008-03-20T22:33:12.100000Z,35.43,81.37,12.0,7.09,C200803202233A,20080320T223312M709Z012,20080320_223312.a,20080320223312,20080320223257
2008-03-22T21:24:14.100000Z,51.98,-178.5,133.5,6.21,C200803222124A,20080322T212414M621Z134,20080322_212414.a,20080322212414,20080322212411
2008-03-24T20:39:10.900000Z,-20.31,-69.42,129.2,6.15,C200803242039A,20080324T203910M615Z129,20080324_203910.a,20080324203910,20080324203907
2008-03-26T18:33:38.900000Z,46.36,153.27,19.6,5.5,C200803261833A,20080326T183338M550Z020,20080326_183338.a,20080326183338,20080326183334
2008-03-26T20:06:08.500000Z,13.45,144.99,63.3,5.57,C200803262006A,20080326T200608M557Z063,20080326_200608.a,20080326200608,20080326200605
2008-03-27T09:43:01.000000Z,17.35,-84.8,12.0,5.63,C200803270942A,20080327T094301M563Z012,20080327_094301.a,20080327094301,20080327094257
2008-03-28T00:16:24.900000Z,34.38,25.32,59.1,5.54,C200803280016A,20080328T001624M554Z059,20080328_001624.a,20080328001624,20080328001619
2008-03-28T06:39:48.500000Z,-32.6,179.57,360.3,5.67,C200803280639B,20080328T063948M567Z360,20080328_063948.a,20080328063948,20080328063947
2008-03-28T22:41:35.800000Z,20.1,121.85,12.7,5.8,C200803282241A,20080328T224135M580Z013,20080328_224135.a,20080328224135,20080328224132
2008-03-29T03:01:33.700000Z,13.4,125.74,16.5,5.66,C200803290301A,20080329T030133M566Z016,20080329_030133.a,20080329030133,20080329030131
2008-03-29T17:30:57.800000Z,2.66,95.17,20.0,6.34,C200803291730A,20080329T173057M634Z020,20080329_173057.a,20080329173057,20080329173050
2008-04-02T08:48:52.500000Z,-4.64,102.49,65.2,5.67,C200804020848A,20080402T084852M567Z065,20080402_084852.a,20080402084852,20080402084849
2008-04-02T14:36:14.600000Z,-4.98,69.23,12.0,5.71,C200804021436A,20080402T143614M571Z012,20080402_143614.a,20080402143614,20080402143610
2008-04-02T19:10:21.300000Z,-7.19,129.21,190.0,5.68,C200804021910A,20080402T191021M568Z190,20080402_191021.a,20080402191021,20080402191019
2008-04-04T04:03:06.800000Z,-15.27,-172.56,51.6,5.52,C200804040403A,20080404T040306M552Z052,20080404_040306.a,20080404040306,20080404040301
2008-04-07T22:54:46.200000Z,-20.06,168.46,20.8,5.77,C200804072254A,20080407T225446M577Z021,20080407_225446.a,20080407225446,20080407225436
2008-04-09T11:13:26.200000Z,-20.33,168.62,21.0,6.32,C200804091113A,20080409T111326M632Z021,20080409_111326.a,20080409111326,20080409111317
2008-04-09T11:23:45.900000Z,-20.26,168.63,31.7,6.29,C200804091123A,20080409T112345M629Z032,20080409_112345.a,20080409112345,20080409112340
2008-04-09T12:46:23.800000Z,-20.12,168.8,35.2,7.3,C200804091246A,20080409T124623M730Z035,20080409_124623.a,20080409124623,20080409124612
2008-04-09T14:47:52.500000Z,-20.19,168.52,33.9,6.3,C200804091447A,20080409T144752M630Z034,20080409_144752.a,20080409144752,20080409144750
2008-04-10T01:10:07.000000Z,-20.44,168.71,27.2,5.84,C200804100110A,20080410T011007M584Z027,20080410_011007.a,20080410011007,20080410011003
2008-04-11T03:16:46.200000Z,16.11,144.83,12.0,5.53,C200804110316A,20080411T031646M553Z012,20080411_031646.a,20080411031646,20080411031640
2008-04-11T05:02:57.300000Z,16.12,144.84,12.0,5.5,C200804110502A,20080411T050257M550Z012,20080411_050257.a,20080411050257,20080411050253
2008-04-11T16:36:01.200000Z,-20.28,168.81,15.1,5.89,C200804111636A,20080411T163601M589Z015,20080411_163601.a,20080411163601,20080411163557
2008-04-11T17:45:10.300000Z,-20.47,168.68,21.6,6.04,C200804111745A,20080411T174510M604Z022,20080411_174510.a,20080411174510,20080411174505
2008-04-12T00:30:21.200000Z,-55.56,158.49,22.0,7.09,C200804120030A,20080412T003021M709Z022,20080412_003021.a,20080412003021,20080412003012
2008-04-12T08:50:09.200000Z,-15.42,67.19,12.0,5.54,C200804120850A,20080412T085009M554Z012,20080412_085009.a,20080412085009,20080412085017
2008-04-14T09:45:20.700000Z,-56.04,-27.75,115.2,6.04,C200804140945A,20080414T094520M604Z115,20080414_094520.a,20080414094520,20080414094519
2008-04-15T03:03:09.000000Z,13.42,-91.0,32.8,6.15,C200804150303A,20080415T030309M615Z033,20080415_030309.a,20080415030309,20080415030304
2008-04-15T17:25:01.500000Z,-18.59,-175.6,12.8,5.7,C200804151724A,20080415T172501M570Z013,20080415_172501.a,20080415172501,20080415172456
2008-04-15T22:59:56.200000Z,51.78,-179.29,12.0,6.45,C200804152259A,20080415T225956M645Z012,20080415_225956.a,20080415225956,20080415225951
2008-04-16T00:35:56.100000Z,-18.45,-175.58,12.0,6.27,C200804160035A,20080416T003556M627Z012,20080416_003556.a,20080416003556,20080416003548
2008-04-16T05:54:24.700000Z,51.81,-179.17,12.0,6.59,C200804160554A,20080416T055424M659Z012,20080416_055424.a,20080416055424,20080416055419
2008-04-16T08:11:39.600000Z,1.0,126.15,31.9,5.68,C200804160811A,20080416T081139M568Z032,20080416_081139.a,20080416081139,20080416081132
2008-04-16T19:19:38.500000Z,39.08,140.18,169.9,5.8,C200804161919A,20080416T191938M580Z170,20080416_191938.a,20080416191938,20080416191936
2008-04-17T17:02:56.000000Z,15.78,144.72,12.0,5.54,C200804171702A,20080417T170256M554Z012,20080417_170256.a,20080417170256,20080417170252
2008-04-18T20:39:12.500000Z,-17.26,-178.98,577.8,6.31,C200804182039A,20080418T203912M631Z578,20080418_203912.a,20080418203912,20080418203907
2008-04-18T21:11:00.000000Z,-27.55,-175.95,12.5,5.76,C200804182110A,20080418T211100M576Z012,20080418_211100.a,20080418211100,20080418211056
2008-04-19T03:12:31.700000Z,-7.82,125.72,14.5,6.07,C200804190312A,20080419T031231M607Z014,20080419_031231.a,20080419031231,20080419031225
2008-04-19T05:58:48.400000Z,-20.36,168.72,12.0,6.25,C200804190558A,20080419T055848M625Z012,20080419_055848.a,20080419055848,20080419055842
2008-04-19T10:21:18.100000Z,-7.76,125.73,14.2,5.93,C200804191021A,20080419T102118M593Z014,20080419_102118.a,20080419102118,20080419102112
2008-04-20T13:01:25.900000Z,-7.69,125.85,12.0,5.59,C200804201301A,20080420T130125M559Z012,20080420_130125.a,20080420130125,20080420130120
2008-04-23T18:28:45.100000Z,22.85,121.64,12.0,5.97,C200804231828A,20080423T182845M597Z012,20080423_182845.a,20080423182845,20080423182841
2008-04-24T01:19:15.900000Z,-20.22,168.58,19.2,5.61,C200804240119A,20080424T011915M561Z019,20080424_011915.a,20080424011915,20080424011915
2008-04-24T12:15:05.000000Z,-1.14,-23.87,15.4,6.47,C200804241214A,20080424T121505M647Z015,20080424_121505.a,20080424121505,20080424121449
2008-04-26T23:34:55.300000Z,-49.12,164.03,12.0,5.93,C200804262334A,20080426T233455M593Z012,20080426_233455.a,20080426233455,20080426233449
2008-04-27T14:35:34.500000Z,-35.44,-16.28,16.4,5.62,C200804271435A,20080427T143534M562Z016,20080427_143534.a,20080427143534,20080427143529
2008-04-28T00:06:29.900000Z,17.89,-100.1,55.5,5.83,C200804280006A,20080428T000629M583Z056,20080428_000629.a,20080428000629,20080428000628
2008-04-28T15:58:00.000000Z,-59.04,-24.15,17.1,6.06,C200804281557A,20080428T155800M606Z017,20080428_155800.a,20080428155800,20080428155755
2008-04-28T18:33:42.000000Z,-19.95,168.78,47.8,6.39,C200804281833A,20080428T183342M639Z048,20080428_183342.a,20080428183342,20080428183334
2008-04-28T20:26:57.200000Z,-20.23,168.81,17.1,6.03,C200804282026A,20080428T202657M603Z017,20080428_202657.a,20080428202657,20080428202653
2008-04-29T05:26:07.800000Z,41.47,142.25,63.9,5.76,C200804290526A,20080429T052607M576Z064,20080429_052607.a,20080429052607,20080429052604
2008-04-29T19:10:05.300000Z,-6.08,127.61,412.2,5.92,C200804291910A,20080429T191005M592Z412,20080429_191005.a,20080429191005,20080429191002
2008-05-01T04:57:56.400000Z,-19.52,168.58,48.6,5.68,C200805010457A,20080501T045756M568Z049,20080501_045756.a,20080501045756,20080501045750
2008-05-02T01:33:39.600000Z,51.96,-177.54,12.0,6.59,C200805020133A,20080502T013339M659Z012,20080502_013339.a,20080502013339,20080502013337
2008-05-03T19:01:50.500000Z,-6.96,155.08,38.0,5.7,C200805031901A,20080503T190150M570Z038,20080503_190150.a,20080503190150,20080503190146
2008-05-07T16:02:07.300000Z,36.12,141.89,23.9,6.19,C200805071602A,20080507T160207M619Z024,20080507_160207.a,20080507160207,20080507160202
2008-05-07T16:16:40.300000Z,36.11,141.98,23.2,6.07,C200805071616A,20080507T161640M607Z023,20080507_161640.a,20080507161640,20080507161636
2008-05-07T16:45:27.100000Z,36.18,141.61,26.3,6.85,C200805071645A,20080507T164527M685Z026,20080507_164527.a,20080507164527,20080507164520
2008-05-08T23:21:11.000000Z,36.12,142.08,23.1,5.55,C200805082321A,20080508T232111M555Z023,20080508_232111.a,20080508232111,20080508232107
2008-05-09T21:51:35.900000Z,12.36,143.28,83.3,6.75,C200805092151A,20080509T215135M675Z083,20080509_215135.a,20080509215135,20080509215129
2008-05-10T19:42:04.600000Z,23.89,122.52,24.0,5.64,C200805101942A,20080510T194204M564Z024,20080510_194204.a,20080510194204,20080510194159
2008-05-12T11:11:05.200000Z,31.31,103.62,14.9,6.08,C200805121111A,20080512T111105M608Z015,20080512_111105.a,20080512111105,20080512111102
2008-05-12T20:08:53.200000Z,31.37,104.11,28.4,5.62,C200805122008A,20080512T200853M562Z028,20080512_200853.a,20080512200853,20080512200850
2008-05-13T07:07:13.200000Z,30.9,103.42,14.3,5.77,C200805130707A,20080513T070713M577Z014,20080513_070713.a,20080513070713,20080513070708
2008-05-14T21:47:43.900000Z,-56.7,-142.29,19.2,5.72,C200805142147A,20080514T214743M572Z019,20080514_214743.a,20080514214743,20080514214740
2008-05-15T14:23:33.300000Z,-58.14,-25.19,36.8,5.93,C200805151423A,20080515T142333M593Z037,20080515_142333.a,20080515142333,20080515142328
2008-05-16T05:25:50.600000Z,31.25,103.33,24.0,5.62,C200805160525A,20080516T052550M562Z024,20080516_052550.a,20080516052550,20080516052547
2008-05-17T17:08:29.600000Z,32.21,105.08,16.1,5.75,C200805171708A,20080517T170829M575Z016,20080517_170829.a,20080517170829,20080517170825
2008-05-18T12:17:28.500000Z,-3.52,101.11,50.1,5.7,C200805181217A,20080518T121728M570Z050,20080518_121728.a,20080518121728,20080518121723
2008-05-19T03:16:17.100000Z,-47.72,32.16,15.6,5.93,C200805190316A,20080519T031617M593Z016,20080519_031617.a,20080519031617,20080519031613
2008-05-19T10:08:39.400000Z,42.51,131.96,530.3,5.65,C200805191008A,20080519T100839M565Z530,20080519_100839.a,20080519100839,20080519100836
2008-05-19T14:26:48.900000Z,1.64,99.14,16.1,6.01,C200805191426A,20080519T142648M601Z016,20080519_142648.a,20080519142648,20080519142645
2008-05-20T13:53:40.800000Z,51.11,178.53,17.6,6.27,C200805201353A,20080520T135340M627Z018,20080520_135340.a,20080520135340,20080520135335
2008-05-20T15:16:07.100000Z,-44.57,-78.9,12.2,5.57,C200805201516A,20080520T151607M557Z012,20080520_151607.a,20080520151607,20080520151604
2008-05-20T17:08:04.100000Z,-3.48,101.17,50.6,5.57,C200805201708A,20080520T170804M557Z051,20080520_170804.a,20080520170804,20080520170800
2008-05-23T19:35:40.900000Z,7.51,-35.01,12.6,6.47,C200805231935A,20080523T193540M647Z013,20080523_193540.a,20080523193540,20080523193534
2008-05-23T22:50:39.400000Z,-7.18,129.64,133.2,5.75,C200805232250A,20080523T225039M575Z133,20080523_225039.a,20080523225039,20080523225037
2008-05-24T13:24:10.600000Z,-7.39,156.02,40.8,5.89,C200805241324A,20080524T132410M589Z041,20080524_132410.a,20080524132410,20080524132405
2008-05-24T19:20:48.700000Z,4.32,-73.79,14.7,5.87,C200805241920A,20080524T192048M587Z015,20080524_192048.a,20080524192048,20080524192042
2008-05-25T08:21:52.400000Z,32.57,105.45,27.0,6.07,C200805250821A,20080525T082152M607Z027,20080525_082152.a,20080525082152,20080525082148
2008-05-25T19:18:28.900000Z,55.59,-153.27,14.8,5.88,C200805251918A,20080525T191828M588Z015,20080525_191828.a,20080525191828,20080525191824
2008-05-26T15:01:38.600000Z,8.38,-82.88,12.0,5.56,C200805261501A,20080526T150138M556Z012,20080526_150138.a,20080526150138,20080526150133
2008-05-27T05:51:15.700000Z,-56.68,147.37,12.0,5.84,C200805270551A,20080527T055115M584Z012,20080527_055115.a,20080527055115,20080527055112
2008-05-27T11:27:59.100000Z,13.45,-91.39,29.0,5.66,C200805271128A,20080527T112759M566Z029,20080527_112759.a,20080527112759,20080527112755
2008-05-29T15:46:06.200000Z,63.92,-21.17,12.0,6.29,C200805291546A,20080529T154606M629Z012,20080529_154606.a,20080529154606,20080529154600
2008-05-30T07:25:42.800000Z,30.6,141.82,19.0,5.77,C200805300725A,20080530T072542M577Z019,20080530_072542.a,20080530072542,20080530072539
2008-05-30T10:44:16.700000Z,-54.92,1.51,17.0,5.67,C200805301044A,20080530T104416M567Z017,20080530_104416.a,20080530104416,20080530104411
2008-05-31T04:38:01.400000Z,-41.35,80.41,12.0,6.4,C200805310437A,20080531T043801M640Z012,20080531_043801.a,20080531043801,20080531043756
2008-05-31T23:16:09.600000Z,-28.9,-112.4,12.0,5.78,C200805312316A,20080531T231609M578Z012,20080531_231609.a,20080531231609,20080531231604
2008-06-01T00:31:18.600000Z,-54.91,1.59,24.0,5.52,C200806010031A,20080601T003118M552Z024,20080601_003118.a,20080601003118,20080601003114
2008-06-01T01:57:27.200000Z,20.17,121.19,31.0,6.33,C200806010157A,20080601T015727M633Z031,20080601_015727.a,20080601015727,20080601015724
2008-06-01T14:31:10.600000Z,-59.82,149.97,12.0,6.49,C200806011431A,20080601T143110M649Z012,20080601_143110.a,20080601143110,20080601143103
2008-06-02T04:19:57.400000Z,-15.16,-173.34,58.0,5.61,C200806020420A,20080602T041957M561Z058,20080602_041957.a,20080602041957,20080602041951
2008-06-03T16:20:53.200000Z,-10.46,161.42,91.0,6.22,C200806031620A,20080603T162053M622Z091,20080603_162053.a,20080603162053,20080603162050
2008-06-03T17:31:38.600000Z,-8.09,120.32,20.6,5.88,C200806031731A,20080603T173138M588Z021,20080603_173138.a,20080603173138,20080603173132
2008-06-03T21:03:53.100000Z,-8.09,120.3,18.0,5.76,C200806032103A,20080603T210353M576Z018,20080603_210353.a,20080603210353,20080603210346
2008-06-03T22:04:33.400000Z,-8.07,120.25,18.8,6.0,C200806032204A,20080603T220433M600Z019,20080603_220433.a,20080603220433,20080603220427
2008-06-04T17:03:08.000000Z,41.59,139.15,204.3,5.69,C200806041703A,20080604T170308M569Z204,20080604_170308.a,20080604170308,20080604170307
2008-06-05T02:16:50.100000Z,-39.01,-91.85,12.0,5.99,C200806050216A,20080605T021650M599Z012,20080605_021650.a,20080605021650,20080605021646
2008-06-05T05:22:28.100000Z,-39.02,-91.72,12.0,5.84,C200806050522A,20080605T052228M584Z012,20080605_052228.a,20080605052228,20080605052226
2008-06-06T13:42:52.600000Z,-7.63,127.87,138.2,5.96,C200806061342A,20080606T134252M596Z138,20080606_134252.a,20080606134252,20080606134249
2008-06-08T12:25:36.900000Z,37.93,21.63,24.7,6.37,C200806081225A,20080608T122536M637Z025,20080608_122536.a,20080608122536,20080608122529
2008-06-10T04:13:39.700000Z,-18.19,167.79,20.9,5.9,C200806100413A,20080610T041339M590Z021,20080610_041339.a,20080610041339,20080610041337
2008-06-10T05:49:42.900000Z,-18.23,167.71,20.5,5.58,C200806100549A,20080610T054942M558Z020,20080610_054942.a,20080610054942,20080610054940
2008-06-11T02:30:07.200000Z,-33.22,179.95,12.0,5.54,C200806110230A,20080611T023007M554Z012,20080611_023007.a,20080611023007,20080611023008
2008-06-12T05:30:48.000000Z,-50.03,-114.5,15.0,5.9,C200806120530A,20080612T053048M590Z015,20080612_053048.a,20080612053048,20080612053043
2008-06-13T23:43:53.200000Z,39.03,140.85,12.0,6.87,C200806132343A,20080613T234353M687Z012,20080613_234353.a,20080613234353,20080613234345
2008-06-15T01:13:15.000000Z,-17.77,-179.66,623.6,5.93,C200806150113A,20080615T011315M593Z624,20080615_011315.a,20080615011315,20080615011311
2008-06-15T08:37:23.600000Z,-36.62,-107.67,22.4,6.01,C200806150837A,20080615T083723M601Z022,20080615_083723.a,20080615083723,20080615083717
2008-06-17T17:42:14.500000Z,4.94,-82.62,25.2,5.93,C200806171742A,20080617T174214M593Z025,20080617_174214.a,20080617174214,20080617174209
2008-06-21T11:36:28.100000Z,36.09,21.86,12.0,5.64,C200806211136A,20080621T113628M564Z012,20080621_113628.a,20080621113628,20080621113623
2008-06-22T07:22:10.800000Z,-9.03,157.86,14.4,5.76,C200806220722A,20080622T072210M576Z014,20080622_072210.a,20080622072210,20080622072206
2008-06-22T23:56:39.000000Z,67.71,141.43,21.5,6.13,C200806222356A,20080622T235639M613Z022,20080622_235639.a,20080622235639,20080622235630
2008-06-23T12:32:17.700000Z,46.41,153.51,14.0,5.57,C200806231232A,20080623T123217M557Z014,20080623_123217.a,20080623123217,20080623123212
2008-06-25T02:53:29.800000Z,1.12,97.0,14.0,5.69,C200806250253A,20080625T025329M569Z014,20080625_025329.a,20080625025329,20080625025325
2008-06-25T15:41:32.700000Z,-5.52,151.84,46.6,5.68,C200806251541A,20080625T154132M568Z047,20080625_154132.a,20080625154132,20080625154128
2008-06-26T21:19:18.500000Z,-21.03,-172.94,57.4,6.07,C200806262119A,20080626T211918M607Z057,20080626_211918.a,20080626211918,20080626211915
2008-06-27T11:40:19.200000Z,10.92,91.82,17.1,6.56,C200806271140A,20080627T114019M656Z017,20080627_114019.a,20080627114019,20080627114014
2008-06-27T13:07:14.700000Z,11.09,91.95,12.1,5.89,C200806271307A,20080627T130714M589Z012,20080627_130714.a,20080627130714,20080627130708
2008-06-28T12:54:50.300000Z,10.9,91.8,12.0,6.07,C200806281254A,20080628T125450M607Z012,20080628_125450.a,20080628125450,20080628125446
2008-06-29T12:47:31.300000Z,35.76,88.44,18.1,5.51,C200806291247A,20080629T124731M551Z018,20080629_124731.a,20080629124731,20080629124726
2008-06-29T20:53:07.200000Z,45.12,137.37,328.3,5.96,C200806292053A,20080629T205307M596Z328,20080629_205307.a,20080629205307,20080629205301
2008-06-30T06:17:51.600000Z,-58.33,-21.77,26.0,6.96,C200806300617A,20080630T061751M696Z026,20080630_061751.a,20080630061751,20080630061744
2008-07-01T01:54:45.600000Z,-58.35,-21.57,12.0,5.58,C200807010154A,20080701T015445M558Z012,20080701_015445.a,20080701015445,20080701015441
2008-07-03T03:02:41.300000Z,-23.41,-179.69,589.9,6.23,C200807030302A,20080703T030241M623Z590,20080703_030241.a,20080703030241,20080703030237
2008-07-03T06:34:56.600000Z,10.26,-60.28,13.3,5.69,C200807030634A,20080703T063456M569Z013,20080703_063456.a,20080703063456,20080703063453
2008-07-06T01:00:13.900000Z,45.29,151.39,22.4,5.72,C200807060100A,20080706T010013M572Z022,20080706_010013.a,20080706010013,20080706010008
2008-07-06T09:08:26.900000Z,45.28,151.26,24.2,5.73,C200807060908A,20080706T090826M573Z024,20080706_090826.a,20080706090826,20080706090820
2008-07-07T04:44:59.700000Z,-16.44,-173.71,127.6,5.53,C200807070445A,20080707T044459M553Z128,20080707_044459.a,20080707044459,20080707044455
2008-07-08T07:42:13.500000Z,27.31,128.65,51.0,5.98,C200807080742A,20080708T074213M598Z051,20080708_074213.a,20080708074213,20080708074210
2008-07-08T09:13:10.000000Z,-16.26,-72.0,125.7,6.21,C200807080913A,20080708T091310M621Z126,20080708_091310.a,20080708091310,20080708091307
2008-07-11T09:58:49.500000Z,-2.95,148.08,13.8,5.63,C200807110958A,20080711T095849M563Z014,20080711_095849.a,20080711095849,20080711095849
2008-07-13T14:58:36.900000Z,21.04,121.05,14.9,6.19,C200807131458A,20080713T145836M619Z015,20080713_145836.a,20080713145836,20080713145832
2008-07-14T04:44:54.100000Z,1.83,96.28,28.9,5.59,C200807140444A,20080714T044454M559Z029,20080714_044454.a,20080714044454,20080714044454
2008-07-15T03:26:39.800000Z,35.67,27.69,42.2,6.39,C200807150326A,20080715T032639M639Z042,20080715_032639.a,20080715032639,20080715032634
2008-07-15T05:07:18.700000Z,-47.56,-11.93,18.0,5.72,C200807150507A,20080715T050718M572Z018,20080715_050718.a,20080715050718,20080715050711
2008-07-16T08:11:10.600000Z,-16.67,-172.72,21.8,5.66,C200807160811A,20080716T081110M566Z022,20080716_081110.a,20080716081110,20080716081104
2008-07-16T17:09:23.100000Z,-30.93,-178.24,107.5,5.51,C200807161709A,20080716T170923M551Z108,20080716_170923.a,20080716170923,20080716170919
2008-07-17T22:51:57.000000Z,44.09,-129.56,14.1,5.68,C200807172251A,20080717T225157M568Z014,20080717_225157.a,20080717225157,20080717225155
2008-07-19T02:39:34.800000Z,37.47,142.42,21.8,6.91,C200807190239A,20080719T023934M691Z022,20080719_023934.a,20080719023934,20080719023928
2008-07-19T09:27:07.600000Z,-11.12,164.47,13.5,6.57,C200807190927A,20080719T092707M657Z014,20080719_092707.a,20080719092707,20080719092701
2008-07-19T11:01:23.700000Z,-11.18,164.45,12.0,6.18,C200807191101A,20080719T110123M618Z012,20080719_110123.a,20080719110123,20080719110117
2008-07-19T22:39:56.800000Z,-17.22,-177.05,395.3,6.41,C200807192239A,20080719T223956M641Z395,20080719_223956.a,20080719223956,20080719223952
2008-07-20T21:13:39.800000Z,-3.8,150.98,12.0,5.52,C200807202113A,20080720T211339M552Z012,20080720_211339.a,20080720211339,20080720211336
2008-07-20T21:30:31.800000Z,27.81,139.6,485.6,5.83,C200807202130A,20080720T213031M583Z486,20080720_213031.a,20080720213031,20080720213029
2008-07-21T11:30:34.100000Z,37.16,142.3,29.6,5.91,C200807211130A,20080721T113034M591Z030,20080721_113034.a,20080721113034,20080721113029
2008-07-23T15:26:24.100000Z,39.73,141.51,98.8,6.79,C200807231526A,20080723T152624M679Z099,20080723_152624.a,20080723152624,20080723152620
2008-07-24T01:43:22.700000Z,50.71,158.15,42.0,6.21,C200807240143A,20080724T014322M621Z042,20080724_014322.a,20080724014322,20080724014316
2008-07-24T07:09:31.800000Z,32.82,105.55,13.4,5.57,C200807240709A,20080724T070931M557Z013,20080724_070931.a,20080724070931,20080724070930
2008-07-25T00:29:26.600000Z,51.12,178.95,22.3,5.86,C200807250029A,20080725T002926M586Z022,20080725_002926.a,20080725002926,20080725002923
2008-07-27T21:15:47.700000Z,-0.01,-18.16,23.1,5.87,C200807272115A,20080727T211547M587Z023,20080727_211547.a,20080727211547,20080727211541
2008-07-28T21:37:36.200000Z,-10.5,163.37,18.2,5.9,C200807282137A,20080728T213736M590Z018,20080728_213736.a,20080728213736,20080728213732
2008-07-28T21:40:49.200000Z,-10.5,163.43,17.1,5.96,C200807282140A,20080728T214049M596Z017,20080728_214049.a,20080728214049,20080728214047
2008-07-29T20:56:28.600000Z,-54.76,-118.95,14.9,5.71,C200807292056A,20080729T205628M571Z015,20080729_205628.a,20080729205628,20080729205622
2008-07-30T20:15:16.700000Z,-60.04,-27.46,145.1,5.54,C200807302015A,20080730T201516M554Z145,20080730_201516.a,20080730201516,20080730201511
2008-08-01T08:32:47.800000Z,32.04,104.72,21.0,5.68,C200808010832A,20080801T083247M568Z021,20080801_083247.a,20080801083247,20080801083243
2008-08-01T10:35:24.800000Z,13.56,120.77,135.5,5.56,C200808011035A,20080801T103524M556Z136,20080801_103524.a,20080801103524,20080801103524
2008-08-04T04:42:18.300000Z,49.77,156.7,89.9,5.73,C200808040442A,20080804T044218M573Z090,20080804_044218.a,20080804044218,20080804044214
2008-08-04T20:45:19.700000Z,-5.93,130.47,173.9,6.25,C200808042045A,20080804T204519M625Z174,20080804_204519.a,20080804204519,20080804204514
2008-08-05T09:49:20.400000Z,32.69,105.57,12.0,5.96,C200808050949A,20080805T094920M596Z012,20080805_094920.a,20080805094920,20080805094917
2008-08-06T22:41:06.500000Z,-8.14,117.73,27.0,5.93,C200808062241A,20080806T224106M593Z027,20080806_224106.a,20080806224106,20080806224103
2008-08-07T18:30:08.900000Z,52.22,-175.63,12.0,5.84,C200808071830A,20080807T183008M584Z012,20080807_183008.a,20080807183008,20080807183003
2008-08-07T22:58:37.300000Z,-9.12,-109.72,19.1,5.57,C200808072258A,20080807T225837M557Z019,20080807_225837.a,20080807225837,20080807225833
2008-08-08T06:37:43.400000Z,-4.29,100.75,16.0,5.8,C200808080637A,20080808T063743M580Z016,20080808_063743.a,20080808063743,20080808063741
2008-08-09T06:02:03.800000Z,-60.54,153.38,16.2,6.42,C200808090602A,20080809T060203M642Z016,20080809_060203.a,20080809060203,20080809060148
2008-08-09T16:36:46.800000Z,-60.83,153.59,12.0,6.31,C200808091636A,20080809T163646M631Z012,20080809_163646.a,20080809163646,20080809163638
2008-08-10T08:20:37.400000Z,10.96,91.83,15.8,6.15,C200808100820A,20080810T082037M615Z016,20080810_082037.a,20080810082037,20080810082031
2008-08-10T12:21:19.100000Z,11.12,91.84,12.0,5.68,C200808101221A,20080810T122119M568Z012,20080810_122119.a,20080810122119,20080810122111
2008-08-11T23:38:44.200000Z,-0.75,-21.75,24.3,6.01,C200808112338A,20080811T233844M601Z024,20080811_233844.a,20080811233844,20080811233838
2008-08-12T05:26:01.700000Z,-11.49,165.99,47.1,5.8,C200808120526A,20080812T052601M580Z047,20080812_052601.a,20080812052601,20080812052557
2008-08-13T01:32:51.000000Z,-13.52,-111.31,16.4,5.72,C200808130132A,20080813T013251M572Z016,20080813_013251.a,20080813013251,20080813013245
2008-08-13T18:30:59.300000Z,83.48,114.73,12.0,5.69,C200808131830A,20080813T183059M569Z012,20080813_183059.a,20080813183059,20080813183057
2008-08-14T22:55:52.900000Z,7.26,-82.79,21.6,5.53,C200808142255A,20080814T225552M553Z022,20080814_225552.a,20080814225552,20080814225547
2008-08-15T10:25:19.000000Z,13.07,124.37,14.9,5.99,C200808151025A,20080815T102519M599Z015,20080815_102519.a,20080815102519,20080815102516
2008-08-16T04:01:11.700000Z,52.16,98.31,28.2,5.71,C200808160401A,20080816T040111M571Z028,20080816_040111.a,20080816040111,20080816040108
2008-08-17T15:39:12.700000Z,-52.92,-4.1,14.9,5.61,C200808171539A,20080817T153912M561Z015,20080817_153912.a,20080817153912,20080817153908
2008-08-19T10:58:06.500000Z,-28.65,-112.79,12.8,5.67,C200808191058A,20080819T105806M567Z013,20080819_105806.a,20080819105806,20080819105800
2008-08-19T13:37:34.500000Z,-14.83,-173.17,13.4,5.59,C200808191337A,20080819T133734M559Z013,20080819_133734.a,20080819133734,20080819133728
2008-08-19T16:30:20.600000Z,-14.85,-173.23,12.0,5.98,C200808191630A,20080819T163020M598Z012,20080819_163020.a,20080819163020,20080819163013
2008-08-21T12:24:35.700000Z,24.92,97.99,18.2,6.01,C200808211224A,20080821T122435M601Z018,20080821_122435.a,20080821122435,20080821122429
2008-08-22T07:47:44.200000Z,-17.71,65.42,16.1,6.01,C200808220747A,20080822T074744M601Z016,20080822_074744.a,20080822074744,20080822074739
2008-08-25T02:43:08.300000Z,10.3,125.27,12.0,5.84,C200808250243A,20080825T024308M584Z012,20080825_024308.a,20080825024308,20080825024306
2008-08-25T13:22:08.500000Z,30.61,83.51,17.3,6.7,C200808251322A,20080825T132208M670Z017,20080825_132208.a,20080825132208,20080825132158
2008-08-26T03:07:34.700000Z,-6.57,104.49,37.9,5.68,C200808260307A,20080826T030734M568Z038,20080826_030734.a,20080826030734,20080826030729
2008-08-26T21:00:40.200000Z,-7.76,-74.49,158.2,6.38,C200808262100A,20080826T210040M638Z158,20080826_210040.a,20080826210040,20080826210036
2008-08-27T01:35:38.600000Z,51.76,104.02,23.5,6.29,C200808270135A,20080827T013538M629Z024,20080827_013538.a,20080827013538,20080827013532
2008-08-27T06:46:23.300000Z,-10.57,41.42,29.1,5.75,C200808270646A,20080827T064623M575Z029,20080827_064623.a,20080827064623,20080827064619
2008-08-27T21:52:43.400000Z,32.23,47.36,12.5,5.78,C200808272152A,20080827T215243M578Z012,20080827_215243.a,20080827215243,20080827215238
2008-08-28T12:37:35.400000Z,49.77,-130.14,12.0,5.89,C200808281237A,20080828T123735M589Z012,20080828_123735.a,20080828123735,20080828123734
2008-08-28T15:22:30.500000Z,0.18,-17.37,21.3,6.28,C200808281522A,20080828T152230M628Z021,20080828_152230.a,20080828152230,20080828152223
2008-08-30T06:54:14.200000Z,-6.33,147.49,88.2,6.4,C200808300654A,20080830T065414M640Z088,20080830_065414.a,20080830065414,20080830065407
2008-08-30T08:30:57.500000Z,26.19,102.04,24.1,5.96,C200808300830A,20080830T083057M596Z024,20080830_083057.a,20080830083057,20080830083054
2008-08-31T01:15:26.600000Z,-61.18,-68.37,12.5,5.54,C200808310115A,20080831T011526M554Z012,20080831_011526.a,20080831011526,20080831011525
2008-08-31T08:31:14.200000Z,26.16,102.01,24.6,5.55,C200808310831A,20080831T083114M555Z025,20080831_083114.a,20080831083114,20080831083110
2008-09-01T04:00:40.800000Z,-25.51,-177.25,172.3,5.99,C200809010400A,20080901T040040M599Z172,20080901_040040.a,20080901040040,20080901040039
2008-09-01T07:06:21.400000Z,-15.19,-176.12,12.0,5.73,C200809010706A,20080901T070621M573Z012,20080901_070621.a,20080901070621,20080901070616
2008-09-01T17:19:12.300000Z,4.59,126.17,113.9,5.56,C200809011719A,20080901T171912M556Z114,20080901_171912.a,20080901171912,20080901171911
2008-09-03T11:25:17.600000Z,-26.85,-63.3,571.3,6.28,C200809031125A,20080903T112517M628Z571,20080903_112517.a,20080903112517,20080903112514
2008-09-04T09:37:05.500000Z,-12.17,167.04,261.4,5.65,C200809040937A,20080904T093705M565Z261,20080904_093705.a,20080904093705,20080904093704
2008-09-04T16:09:54.600000Z,-31.71,-177.19,12.0,5.82,C200809041609A,20080904T160954M582Z012,20080904_160954.a,20080904160954,20080904160951
2008-09-05T12:35:46.200000Z,-13.24,166.83,155.3,5.56,C200809051235A,20080905T123546M556Z155,20080905_123546.a,20080905123546,20080905123543
2008-09-05T19:07:42.400000Z,-0.88,-13.79,12.0,5.77,C200809051907A,20080905T190742M577Z012,20080905_190742.a,20080905190742,20080905190738
2008-09-06T05:47:41.100000Z,36.49,70.78,183.0,5.83,C200809060547A,20080906T054741M583Z183,20080906_054741.a,20080906054741,20080906054739
2008-09-08T03:03:20.900000Z,-19.97,168.81,47.5,6.18,C200809080303A,20080908T030320M618Z048,20080908_030320.a,20080908030320,20080908030315
2008-09-08T18:52:14.400000Z,-13.37,166.75,125.0,6.92,C200809081852A,20080908T185214M692Z125,20080908_185214.a,20080908185214,20080908185207
2008-09-09T12:22:53.000000Z,-9.42,158.36,18.5,5.94,C200809091222A,20080909T122253M594Z018,20080909_122253.a,20080909122253,20080909122249
2008-09-09T23:18:29.500000Z,-11.78,166.35,107.5,5.63,C200809092318A,20080909T231829M563Z108,20080909_231829.a,20080909231829,20080909231826
2008-09-10T11:00:38.400000Z,26.65,55.72,12.0,6.09,C200809101100A,20080910T110038M609Z012,20080910_110038.a,20080910110038,20080910110034
2008-09-10T13:08:21.600000Z,8.18,-38.54,15.3,6.61,C200809101308A,20080910T130821M661Z015,20080910_130821.a,20080910130821,20080910130814
2008-09-10T16:12:11.600000Z,-20.41,-69.56,36.1,5.75,C200809101612A,20080910T161211M575Z036,20080910_161211.a,20080910161211,20080910161204
2008-09-11T00:00:06.800000Z,1.91,127.34,119.6,6.58,C200809110000A,20080911T000006M658Z120,20080911_000006.a,20080911000006,20080911000002
2008-09-11T00:20:56.100000Z,41.79,144.11,20.0,6.77,C200809110020A,20080911T002056M677Z020,20080911_002056.a,20080911002056,20080911002050
2008-09-12T16:44:34.900000Z,-21.73,170.24,114.8,5.83,C200809121644A,20080912T164434M583Z115,20080912_164434.a,20080912164434,20080912164430
2008-09-12T23:07:56.100000Z,56.27,164.31,15.0,5.89,C200809122307A,20080912T230756M589Z015,20080912_230756.a,20080912230756,20080912230750
2008-09-13T00:04:07.000000Z,-3.67,128.95,108.8,5.61,C200809130004A,20080913T000407M561Z109,20080913_000407.a,20080913000407,20080913000404
2008-09-13T09:32:06.100000Z,4.94,-75.48,139.8,5.7,C200809130932A,20080913T093206M570Z140,20080913_093206.a,20080913093206,20080913093201
2008-09-14T00:00:12.400000Z,-9.24,127.18,23.1,5.65,C200809140000A,20080914T000012M565Z023,20080914_000012.a,20080914000012,20080914000008
2008-09-16T07:28:30.900000Z,0.95,-28.8,20.8,5.78,C200809160728A,20080916T072830M578Z021,20080916_072830.a,20080916072830,20080916072825
2008-09-16T11:15:42.200000Z,-9.07,127.05,17.6,5.71,C200809161115A,20080916T111542M571Z018,20080916_111542.a,20080916111542,20080916111541
2008-09-18T01:41:06.900000Z,-4.53,-105.98,16.0,6.01,C200809180141A,20080918T014106M601Z016,20080918_014106.a,20080918014106,20080918014102
2008-09-18T11:58:53.000000Z,51.78,158.86,58.5,5.85,C200809181158A,20080918T115853M585Z058,20080918_115853.a,20080918115853,20080918115850
2008-09-19T22:49:04.600000Z,-11.23,164.48,12.0,5.53,C200809192249A,20080919T224904M553Z012,20080919_224904.a,20080919224904,20080919224904
2008-09-22T07:32:01.700000Z,41.46,140.5,152.5,5.65,C200809220731A,20080922T073201M565Z152,20080922_073201.a,20080922073201,20080922073159
2008-09-24T02:33:10.400000Z,17.69,-105.6,16.9,6.39,C200809240233A,20080924T023310M639Z017,20080924_023310.a,20080924023310,20080924023305
2008-09-25T01:47:17.900000Z,30.66,83.69,21.2,5.96,C200809250147A,20080925T014717M596Z021,20080925_014717.a,20080925014717,20080925014712
2008-09-26T18:46:21.300000Z,2.99,65.41,12.0,5.65,C200809261846A,20080926T184621M565Z012,20080926_184621.a,20080926184621,20080926184618
2008-09-27T03:04:56.700000Z,13.5,120.4,16.6,5.72,C200809270305A,20080927T030456M572Z017,20080927_030456.a,20080927030456,20080927030451
2008-09-27T03:09:09.600000Z,13.56,120.46,12.0,5.9,C200809270309A,20080927T030909M590Z012,20080927_030909.a,20080927030909,20080927030904
2008-09-29T15:19:42.900000Z,-29.85,-177.46,51.1,7.03,C200809291519A,20080929T151942M703Z051,20080929_151942.a,20080929151942,20080929151931
2008-10-01T09:38:13.800000Z,30.21,138.88,393.8,5.74,C200810010938A,20081001T093813M574Z394,20081001_093813.a,20081001093813,20081001093812
2008-10-01T18:04:27.600000Z,13.49,120.33,14.1,5.54,C200810011804A,20081001T180427M554Z014,20081001_180427.a,20081001180427,20081001180423
2008-10-02T23:28:16.000000Z,-22.98,169.78,12.0,5.8,C200810022328A,20081002T232816M580Z012,20081002_232816.a,20081002232816,20081002232809
2008-10-03T05:26:26.400000Z,7.76,-37.0,16.7,5.7,C200810030526A,20081003T052626M570Z017,20081003_052626.a,20081003052626,20081003052620
2008-10-03T05:30:27.900000Z,7.75,-37.24,24.4,5.6,C200810030530A,20081003T053027M560Z024,20081003_053027.a,20081003053027,20081003053024
2008-10-04T07:56:59.200000Z,-59.74,-25.42,41.9,5.67,C200810040756A,20081004T075659M567Z042,20081004_075659.a,20081004075659,20081004075652
2008-10-04T11:47:06.000000Z,-38.99,-91.69,12.0,5.5,C200810041147A,20081004T114706M550Z012,20081004_114706.a,20081004114706,20081004114705
2008-10-05T09:12:46.300000Z,-30.0,-176.7,14.0,6.11,C200810050912A,20081005T091246M611Z014,20081005_091246.a,20081005091246,20081005091236
2008-10-05T15:53:01.100000Z,39.5,73.64,12.0,6.7,C200810051552A,20081005T155301M670Z012,20081005_155301.a,20081005155301,20081005155249
2008-10-05T22:56:31.300000Z,33.91,69.48,16.6,5.95,C200810052256A,20081005T225631M595Z017,20081005_225631.a,20081005225631,20081005225628
2008-10-06T08:30:52.400000Z,29.66,90.5,12.0,6.31,C200810060830A,20081006T083052M631Z012,20081006_083052.a,20081006083052,20081006083045
2008-10-07T10:00:49.900000Z,79.77,-116.02,12.0,5.73,C200810071000A,20081007T100049M573Z012,20081007_100049.a,20081007100049,20081007100048
2008-10-09T17:50:04.300000Z,-21.22,-173.81,18.2,5.87,C200810091750A,20081009T175004M587Z018,20081009_175004.a,20081009175004,20081009174958
2008-10-09T23:08:55.400000Z,-15.15,-173.38,12.0,5.59,C200810092308A,20081009T230855M559Z012,20081009_230855.a,20081009230855,20081009230845
2008-10-11T09:06:15.900000Z,43.4,46.19,13.0,5.81,C200810110906A,20081011T090615M581Z013,20081011_090615.a,20081011090615,20081011090610
2008-10-11T10:40:17.700000Z,19.3,-64.83,29.5,6.06,C200810111040A,20081011T104017M606Z030,20081011_104017.a,20081011104017,20081011104014
2008-10-12T20:55:44.600000Z,-20.3,-65.23,361.5,6.17,C200810122055A,20081012T205544M617Z362,20081012_205544.a,20081012205544,20081012205541
2008-10-16T19:41:31.300000Z,14.28,-92.9,29.9,6.65,C200810161941A,20081016T194131M665Z030,20081016_194131.a,20081016194131,20081016194125
2008-10-18T00:54:43.700000Z,-7.07,147.26,77.5,5.67,C200810180054A,20081018T005443M567Z078,20081018_005443.a,20081018005443,20081018005439
2008-10-19T05:10:40.500000Z,-21.82,-173.56,43.3,6.9,C200810190510A,20081019T051040M690Z043,20081019_051040.a,20081019051040,20081019051033
2008-10-19T12:55:06.400000Z,-22.01,-173.4,27.6,5.6,C200810191255A,20081019T125506M560Z028,20081019_125506.a,20081019125506,20081019125505
2008-10-20T04:54:21.400000Z,0.21,120.67,108.4,5.86,C200810200454A,20081020T045421M586Z108,20081020_045421.a,20081020045421,20081020045419
2008-10-21T13:00:51.300000Z,-7.67,127.72,151.5,5.61,C200810211300A,20081021T130051M561Z152,20081021_130051.a,20081021130051,20081021130048
2008-10-22T12:56:03.200000Z,-18.4,-174.98,244.0,6.36,C200810221255A,20081022T125603M636Z244,20081022_125603.a,20081022125603,20081022125557
2008-10-23T09:21:17.000000Z,5.94,125.98,126.7,5.68,C200810230921A,20081023T092117M568Z127,20081023_092117.a,20081023092117,20081023092115
2008-10-23T10:04:41.300000Z,-2.46,145.78,12.0,6.34,C200810231004A,20081023T100441M634Z012,20081023_100441.a,20081023100441,20081023100435
2008-10-25T19:24:54.400000Z,-17.25,167.09,21.6,5.71,C200810251924A,20081025T192454M571Z022,20081025_192454.a,20081025192454,20081025192450
2008-10-26T01:28:58.200000Z,36.44,70.46,199.7,5.73,C200810260128A,20081026T012858M573Z200,20081026_012858.a,20081026012858,20081026012856
2008-10-26T09:08:37.400000Z,-0.18,123.16,74.1,5.57,C200810260908A,20081026T090837M557Z074,20081026_090837.a,20081026090837,20081026090834
2008-10-27T05:43:52.900000Z,-14.66,167.13,140.1,5.63,C200810270543A,20081027T054352M563Z140,20081027_054352.a,20081027054352,20081027054350
2008-10-28T16:00:07.500000Z,-3.36,145.82,12.0,6.02,C200810281600A,20081028T160007M602Z012,20081028_160007.a,20081028160007,20081028160003
2008-10-28T23:10:02.000000Z,30.4,67.48,17.2,6.4,C200810282309A,20081028T231002M640Z017,20081028_231002.a,20081028231002,20081028230957
2008-10-29T01:36:02.900000Z,-8.96,-108.33,19.7,5.73,C200810290136A,20081029T013602M573Z020,20081029_013602.a,20081029013602,20081029013559
2008-10-29T11:32:48.600000Z,30.29,67.57,12.0,6.42,C200810291132A,20081029T113248M642Z012,20081029_113248.a,20081029113248,20081029113243
2008-10-30T01:55:16.100000Z,46.39,153.53,17.1,5.54,C200810300155A,20081030T015516M554Z017,20081030_015516.a,20081030015516,20081030015514
2008-10-30T15:15:46.400000Z,-9.08,-108.3,18.1,6.05,C200810301515A,20081030T151546M605Z018,20081030_151546.a,20081030151546,20081030151541
2008-11-01T01:13:14.900000Z,-3.31,148.89,12.4,5.97,C200811010113A,20081101T011314M597Z012,20081101_011314.a,20081101011314,20081101011309
2008-11-01T01:34:31.100000Z,-6.55,129.2,20.7,5.79,C200811010134A,20081101T013431M579Z021,20081101_013431.a,20081101013431,20081101013426
2008-11-01T04:09:05.200000Z,-3.35,149.07,12.0,5.65,C200811010407B,20081101T040905M565Z012,20081101_040905.a,20081101040905,20081101040859
2008-11-02T13:48:44.200000Z,51.38,-174.49,20.2,6.06,C200811021348A,20081102T134844M606Z020,20081102_134844.a,20081102134844,20081102134842
2008-11-02T15:01:00.300000Z,-29.87,-176.37,12.0,5.68,C200811021500A,20081102T150100M568Z012,20081102_150100.a,20081102150100,20081102150055
2008-11-03T19:22:03.300000Z,0.91,96.97,23.6,5.75,C200811031922A,20081103T192203M575Z024,20081103_192203.a,20081103192203,20081103192158
2008-11-03T19:36:26.600000Z,-15.98,-176.25,390.0,5.56,B200811031936A,20081103T193626M556Z390,20081103_193626.a,20081103193626,20081103193621
2008-11-04T18:35:53.200000Z,-17.03,168.31,231.6,6.34,C200811041835A,20081104T183553M634Z232,20081104_183553.a,20081104183553,20081104183545
2008-11-05T03:41:46.000000Z,-17.22,-174.06,185.6,5.71,C200811050341A,20081105T034146M571Z186,20081105_034146.a,20081105034146,20081105034143
2008-11-06T09:11:09.700000Z,-29.66,-176.95,22.0,5.89,C200811060911A,20081106T091109M589Z022,20081106_091109.a,20081106091109,20081106091106
2008-11-07T07:19:41.000000Z,-14.92,168.15,12.0,6.37,C200811070719A,20081107T071941M637Z012,20081107_071941.a,20081107071941,20081107071935
2008-11-07T07:35:47.600000Z,-14.81,168.21,12.0,5.68,C200811070735A,20081107T073547M568Z012,20081107_073547.a,20081107073547,20081107073545
2008-11-07T16:04:28.600000Z,-6.62,129.24,20.5,6.18,C200811071604A,20081107T160428M618Z020,20081107_160428.a,20081107160428,20081107160423
2008-11-08T07:50:04.500000Z,-15.07,-173.94,131.9,5.97,C200811080750A,20081108T075004M597Z132,20081108_075004.a,20081108075004,20081108074959
2008-11-08T09:15:54.500000Z,-15.04,-173.93,138.0,5.53,C200811080916A,20081108T091554M553Z138,20081108_091554.a,20081108091554,20081108091551
2008-11-10T01:22:10.200000Z,37.51,95.75,27.2,6.34,C200811100122A,20081110T012210M634Z027,20081110_012210.a,20081110012210,20081110012202
2008-11-13T15:10:18.200000Z,-56.05,-26.93,73.9,5.58,C200811131510A,20081113T151018M558Z074,20081113_151018.a,20081113151018,20081113151015
2008-11-14T02:05:13.100000Z,-53.78,9.09,14.1,5.88,C200811140205A,20081114T020513M588Z014,20081114_020513.a,20081114020513,20081114020509
2008-11-15T23:03:20.700000Z,12.97,-89.08,64.4,5.8,C200811152303A,20081115T230320M580Z064,20081115_230320.a,20081115230320,20081115230316
2008-11-16T12:20:38.800000Z,10.88,91.82,12.0,5.5,C200811161220A,20081116T122038M550Z012,20081116_122038.a,20081116122038,20081116122036
2008-11-16T17:02:43.800000Z,1.5,122.05,29.2,7.35,C200811161702A,20081116T170243M735Z029,20081116_170243.a,20081116170243,20081116170232
2008-11-17T06:01:00.700000Z,-5.65,128.8,315.0,5.55,B200811170600A,20081117T060100M555Z315,20081117_060100.a,20081117060100,20081117060058
2008-11-17T12:55:24.400000Z,79.59,-116.59,12.0,5.66,C200811171255A,20081117T125524M566Z012,20081117_125524.a,20081117125524,20081117125522
2008-11-18T14:03:16.700000Z,-18.9,169.66,12.0,5.54,C200811181403A,20081118T140316M554Z012,20081118_140316.a,20081118140316,20081118140315
2008-11-19T06:11:25.600000Z,8.23,-82.77,42.1,6.25,C200811190611A,20081119T061125M625Z042,20081119_061125.a,20081119061125,20081119061120
2008-11-19T20:39:01.900000Z,-22.2,-179.3,604.1,5.83,C200811192038A,20081119T203901M583Z604,20081119_203901.a,20081119203901,20081119203858
2008-11-21T07:05:36.600000Z,-8.97,159.73,125.5,6.0,C200811210705A,20081121T070536M600Z126,20081121_070536.a,20081121070536,20081121070534
2008-11-21T22:35:06.100000Z,-55.22,-129.49,24.5,5.57,C200811212235A,20081121T223506M557Z024,20081121_223506.a,20081121223506,20081121223501
2008-11-22T16:01:06.700000Z,-4.73,101.07,20.0,6.33,C200811221600A,20081122T160106M633Z020,20081122_160106.a,20081122160106,20081122160101
2008-11-22T16:01:43.100000Z,-22.52,171.11,47.1,6.4,C200811221601A,20081122T160143M640Z047,20081122_160143.a,20081122160143,20081122160139
2008-11-22T17:22:37.500000Z,-22.53,171.28,42.0,5.65,C200811221722A,20081122T172237M565Z042,20081122_172237.a,20081122172237,20081122172236
2008-11-22T18:49:50.300000Z,-0.77,-13.8,17.8,6.29,C200811221849A,20081122T184950M629Z018,20081122_184950.a,20081122184950,20081122184942
2008-11-22T23:06:49.800000Z,-37.15,-95.29,12.0,5.68,C200811222306A,20081122T230649M568Z012,20081122_230649.a,20081122230649,20081122230647
2008-11-23T08:58:21.800000Z,-22.51,171.24,46.8,5.58,C200811230858A,20081123T085821M558Z047,20081123_085821.a,20081123085821,20081123085818
2008-11-24T09:03:09.500000Z,54.27,154.71,502.3,7.3,C200811240902A,20081124T090309M730Z502,20081124_090309.a,20081124090309,20081124090258
2008-11-25T01:36:33.300000Z,-30.07,-177.38,41.9,5.62,C200811250136A,20081125T013633M562Z042,20081125_013633.a,20081125013633,20081125013630
2008-11-25T12:40:08.900000Z,18.12,147.23,14.5,5.57,C200811251240A,20081125T124008M557Z014,20081125_124008.a,20081125124008,20081125124003
2008-11-25T15:04:45.100000Z,-22.94,-174.54,17.9,5.59,C200811251504A,20081125T150445M559Z018,20081125_150445.a,20081125150445,20081125150444
2008-11-27T17:31:32.000000Z,-17.99,167.48,13.0,5.52,C200811271731A,20081127T173132M552Z013,20081127_173132.a,20081127173132,20081127173127
2008-11-28T08:50:51.600000Z,-5.09,101.55,23.0,5.92,C200811280850A,20081128T085051M592Z023,20081128_085051.a,20081128085051,20081128085048
2008-11-28T13:42:23.500000Z,40.35,-127.04,22.8,5.94,C200811281342A,20081128T134223M594Z023,20081128_134223.a,20081128134223,20081128134218
2008-11-29T05:59:19.600000Z,-18.72,-177.52,396.6,5.98,C200811290559A,20081129T055919M598Z397,20081129_055919.a,20081129055919,20081129055916
2008-11-30T00:38:59.000000Z,18.12,147.21,17.0,5.56,C200811300038A,20081130T003859M556Z017,20081130_003859.a,20081130003859,20081130003854
2008-12-02T12:31:44.900000Z,19.17,145.99,118.7,5.93,C200812021231A,20081202T123144M593Z119,20081202_123144.a,20081202123144,20081202123143
2008-12-03T23:16:58.700000Z,38.56,143.18,23.6,5.77,C200812032316A,20081203T231658M577Z024,20081203_231658.a,20081203231658,20081203231654
2008-12-04T16:47:15.800000Z,-21.62,-68.64,128.7,5.53,C200812041647A,20081204T164715M553Z129,20081204_164715.a,20081204164715,20081204164709
2008-12-05T20:03:13.700000Z,38.53,143.27,21.3,5.53,C200812052003A,20081205T200313M553Z021,20081205_200313.a,20081205200313,20081205200311
2008-12-06T06:21:51.200000Z,-27.4,-176.25,21.5,5.59,C200812060621A,20081206T062151M559Z022,20081206_062151.a,20081206062151,20081206062148
2008-12-06T10:55:31.500000Z,-7.44,124.84,407.0,6.41,C200812061055A,20081206T105531M641Z407,20081206_105531.a,20081206105531,20081206105527
2008-12-07T06:23:12.800000Z,13.44,-44.83,12.0,5.63,C200812070623A,20081207T062312M563Z012,20081207_062312.a,20081207062312,20081207062309
2008-12-08T18:39:15.800000Z,-53.09,106.76,20.8,6.3,C200812081839A,20081208T183915M630Z021,20081208_183915.a,20081208183915,20081208183909
2008-12-09T06:24:07.000000Z,-31.03,-176.54,18.8,6.71,C200812090624A,20081209T062407M671Z019,20081209_062407.a,20081209062407,20081209062359
2008-12-09T15:31:53.200000Z,-2.82,139.39,23.0,5.73,C200812091531A,20081209T153153M573Z023,20081209_153153.a,20081209153153,20081209153150
2008-12-09T17:29:01.900000Z,-15.98,168.04,236.7,6.04,C200812091728A,20081209T172901M604Z237,20081209_172901.a,20081209172901,20081209172858
2008-12-09T18:51:15.900000Z,-20.89,-178.62,607.4,5.69,B200812091851A,20081209T185115M569Z607,20081209_185115.a,20081209185115,20081209185114
2008-12-09T22:52:39.300000Z,30.33,67.51,15.9,5.67,C200812092252A,20081209T225239M567Z016,20081209_225239.a,20081209225239,20081209225237
2008-12-10T13:15:39.200000Z,-12.33,166.32,67.2,5.99,C200812101315A,20081210T131539M599Z067,20081210_131539.a,20081210131539,20081210131534
2008-12-11T17:06:11.000000Z,-3.94,100.42,16.0,5.67,C200812111706A,20081211T170611M567Z016,20081211_170611.a,20081211170611,20081211170606
2008-12-11T21:40:54.000000Z,0.0,123.64,134.9,5.91,C200812112140A,20081211T214054M591Z135,20081211_214054.a,20081211214054,20081211214052
2008-12-13T08:45:37.100000Z,-49.12,123.86,12.0,5.93,C200812130845A,20081213T084537M593Z012,20081213_084537.a,20081213084537,20081213084536
2008-12-13T22:37:25.100000Z,-14.26,166.59,22.2,5.6,C200812132237A,20081213T223725M560Z022,20081213_223725.a,20081213223725,20081213223720
2008-12-17T10:56:02.600000Z,-17.77,-178.3,547.8,5.81,C200812171055A,20081217T105602M581Z548,20081217_105602.a,20081217105602,20081217105559
2008-12-18T20:57:40.700000Z,-23.84,-179.65,562.4,5.55,B200812182057A,20081218T205740M555Z562,20081218_205740.a,20081218205740,20081218205739
2008-12-18T21:19:33.600000Z,-32.63,-72.13,22.5,6.13,C200812182119A,20081218T211933M613Z022,20081218_211933.a,20081218211933,20081218211928
2008-12-18T21:50:34.000000Z,-32.62,-72.11,20.7,5.85,C200812182150A,20081218T215034M585Z021,20081218_215034.a,20081218215034,20081218215028
2008-12-19T08:31:55.500000Z,46.92,-27.13,12.0,5.85,C200812190831A,20081219T083155M585Z012,20081219_083155.a,20081219083155,20081219083151
2008-12-19T09:36:08.800000Z,-32.56,-72.1,23.1,5.72,C200812190936A,20081219T093608M572Z023,20081219_093608.a,20081219093608,20081219093604
2008-12-20T10:29:29.200000Z,36.56,142.54,12.0,6.33,C200812201029A,20081220T102929M633Z012,20081220_102929.a,20081220102929,20081220102923
2008-12-20T15:43:06.700000Z,8.89,126.84,20.6,5.61,C200812201543A,20081220T154306M561Z021,20081220_154306.a,20081220154306,20081220154308
2008-12-20T17:44:47.800000Z,-2.65,139.01,31.2,5.55,C200812201744A,20081220T174447M555Z031,20081220_174447.a,20081220174447,20081220174445
2008-12-20T21:05:22.400000Z,-31.23,-13.27,12.0,5.78,C200812202105A,20081220T210522M578Z012,20081220_210522.a,20081220210522,20081220210516
2008-12-21T09:16:49.000000Z,36.63,142.41,12.0,5.87,C200812210916A,20081221T091649M587Z012,20081221_091649.a,20081221091649,20081221091644
2008-12-23T11:15:25.300000Z,-6.67,154.8,45.4,5.89,C200812231115A,20081223T111525M589Z045,20081223_111525.a,20081223111525,20081223111518
2008-12-24T09:11:38.900000Z,-17.31,-171.59,12.0,5.97,C200812240911A,20081224T091138M597Z012,20081224_091138.a,20081224091138,20081224091134
2008-12-25T00:10:51.000000Z,-18.31,176.73,12.0,5.52,C200812250010A,20081225T001051M552Z012,20081225_001051.a,20081225001051,20081225001047
2008-12-25T03:20:30.200000Z,5.74,125.66,198.3,6.29,C200812250320A,20081225T032030M629Z198,20081225_032030.a,20081225032030,20081225032029
2008-12-25T08:11:59.800000Z,48.78,-129.06,12.0,5.82,C200812250811A,20081225T081159M582Z012,20081225_081159.a,20081225081159,20081225081158
2008-12-25T22:40:26.500000Z,23.22,64.36,12.0,5.84,C200812252240A,20081225T224026M584Z012,20081225_224026.a,20081225224026,20081225224023
2008-12-29T03:37:43.100000Z,36.48,70.91,154.7,5.82,C200812290337A,20081229T033743M582Z155,20081229_033743.a,20081229033743,20081229033741
2008-12-30T19:49:56.600000Z,-4.63,100.89,23.4,5.92,C200812301949A,20081230T194956M592Z023,20081230_194956.a,20081230194956,20081230194952
